<soap:Envelope xmlns:soap="http://www.w3.org/2003/05/soap-envelope"
    xmlns:urn="urn:cdc:iisb:2011">
     <soap:Header/>
     <soap:Body>
     <urn:submitSingleMessage>
     <urn:username>Sheila.Feil</urn:username>
     <urn:password>Dc0dyo79JpxLPP7</urn:password>
     <urn:facilityID>Portal Facility ID</urn:facilityID>
     <urn:hl7Message><![CDATA[MSH|^~\&|MyEMR|DE-000001|
    |CAIRLO|20210104||VXU^V04^VXU_V04|CA0001|P|2.5.1|||NE|AL||||||DE-000001
    PID|1||PA123456^^^^MR||MARVIN^DAGMAR^L^|TURNER^CALE^G|20200928|M||2106-
    3^WHITE^HL70005|85680 RUNOLFSSON CROSSROAD^^WEST LEDA^CT^52223-7505^^H^^||^PRN^^^^555^5555555||ENG^English^HL70296|||||||2186-5^ not Hispanic or Latino
    ^HL70189||Y|2
    PD1|||||||||||02^REMINDER/RECALL – ANY METHOD^HL70215|N|20140730|||A|20140730|
    NK1|1|WILL^TRESSIE|MTH^MOTHER^HL70063||||||||||||||
    ORC|RE||197023^CMC|||||||^Clark^Dave||^Smith^Janet^^^^^^^L^^^^^^^^^^^MD |||||
    RXA|0|1|20210104||04^MEASLES^CVX|2.0|mL^mL^UCUM||00^NEW IMMUNIZATION
    RECORD^NIP001|1245319599^Smith^Janet^^^^^^CMS^^^^NPI^^^^^^^^MD |^^^DE000001||||0039F|20200531|MSD^MERCK^MVX|||CP|A
    RXR|IM^INTRAMUSCULAR^HL70162|LA^LEFT ARM^HL70163
    OBX|1|CE|64994-7^Vaccine funding program eligibility category^LN|1|V03^VFC eligibility –
    Uninsured^HL70064||||||F|||20110701140500]]>
    </urn:hl7Message>
     </urn:submitSingleMessage>
     </soap:Body>
    </soap:Envelope>